{"properties":{"connectionReferences":{"shared_approvals":{"runtimeSource":"embedded","connection":{"connectionReferenceLogicalName":"new_sharedapprovals_eb3fc"},"api":{"name":"shared_approvals"}},"shared_commondataserviceforapps":{"runtimeSource":"embedded","connection":{"connectionReferenceLogicalName":"new_sharedcommondataserviceforapps_de170"},"api":{"name":"shared_commondataserviceforapps"}},"shared_office365":{"runtimeSource":"embedded","connection":{"connectionReferenceLogicalName":"new_sharedoffice365_b8d91"},"api":{"name":"shared_office365"}},"shared_teams":{"runtimeSource":"embedded","connection":{"connectionReferenceLogicalName":"new_sharedteams_016a9"},"api":{"name":"shared_teams"}},"shared_commondataservice":{"runtimeSource":"embedded","connection":{"connectionReferenceLogicalName":"new_sharedcommondataservice_7bd13"},"api":{"name":"shared_commondataservice"}}},"definition":{"$schema":"https://schema.management.azure.com/providers/Microsoft.Logic/schemas/2016-06-01/workflowdefinition.json#","contentVersion":"1.0.0.0","parameters":{"$connections":{"defaultValue":{},"type":"Object"},"$authentication":{"defaultValue":{},"type":"SecureObject"}},"triggers":{"When_a_record_is_created":{"type":"OpenApiConnectionWebhook","inputs":{"host":{"connectionName":"shared_commondataservice","operationId":"SubscribeOnNewItems","apiId":"/providers/Microsoft.PowerApps/apis/shared_commondataservice"},"parameters":{"dataset":"default.cds","table":"new_deviceorders","scope":"Organization"},"authentication":"@parameters('$authentication')"}}},"actions":{"Start_and_wait_for_an_approval":{"runAfter":{},"type":"OpenApiConnectionWebhook","inputs":{"host":{"connectionName":"shared_approvals","operationId":"StartAndWaitForAnApproval","apiId":"/providers/Microsoft.PowerApps/apis/shared_approvals"},"parameters":{"approvalType":"Basic","WebhookApprovalCreationInput/title":"New Device Request for @{triggerOutputs()?['body/new_devicename']}","WebhookApprovalCreationInput/assignedTo":"@{triggerOutputs()?['body/new_approver']};","WebhookApprovalCreationInput/details":"A new device has been requested\n@{triggerOutputs()?['body/new_devicename']}\n$@{triggerOutputs()?['body/new_price']}\nDepartment Contribution: @{triggerOutputs()?['body/new_departmentcontribution']}\nComments: @{triggerOutputs()?['body/new_comments']}","WebhookApprovalCreationInput/requestor":"@{triggerOutputs()?['body/new_requestedby']};","WebhookApprovalCreationInput/enableNotifications":true,"WebhookApprovalCreationInput/enableReassignment":true},"authentication":"@parameters('$authentication')"}},"Condition":{"actions":{"Update_a_row":{"runAfter":{},"type":"OpenApiConnection","inputs":{"host":{"connectionName":"shared_commondataserviceforapps","operationId":"UpdateRecord","apiId":"/providers/Microsoft.PowerApps/apis/shared_commondataserviceforapps"},"parameters":{"entityName":"new_deviceorders","recordId":"@triggerOutputs()?['body/new_deviceorderid']","item/new_approvalstatus":100000000,"item/new_approveddate":"@utcNow()","item/new_comments":"@triggerOutputs()?['body/new_comments']"},"authentication":"@parameters('$authentication')"}},"Send_an_email_(V2)":{"runAfter":{"Update_a_row":["Succeeded"]},"type":"OpenApiConnection","inputs":{"host":{"connectionName":"shared_office365","operationId":"SendEmailV2","apiId":"/providers/Microsoft.PowerApps/apis/shared_office365"},"parameters":{"emailMessage/To":"@triggerOutputs()?['body/new_requestedby']","emailMessage/Subject":"Your device order has been approved!","emailMessage/Body":"<p>Your device has been approved @{triggerOutputs()?['body/new_devicename']}<br>\nEstimated Ship Date: @{triggerOutputs()?['body/new_estimatedshipdate']}<br>\n@{outputs('Start_and_wait_for_an_approval')?['body/responseSummary']}</p>"},"authentication":"@parameters('$authentication')"}},"Post_a_message_as_the_Flow_bot_to_a_user":{"runAfter":{"Send_an_email_(V2)":["Succeeded"]},"type":"OpenApiConnection","inputs":{"host":{"connectionName":"shared_teams","operationId":"PostUserNotification","apiId":"/providers/Microsoft.PowerApps/apis/shared_teams"},"parameters":{"PostNotificationRequest/recipient/to":"@triggerOutputs()?['body/new_requestedby']","PostNotificationRequest/messageBody":"Your device has been approved @{triggerOutputs()?['body/new_devicename']}\nEstimated Shipt Date: @{triggerOutputs()?['body/new_estimatedshipdate']}","PostNotificationRequest/messageTitle":"Your device order has been approved"},"authentication":"@parameters('$authentication')"}}},"runAfter":{"Start_and_wait_for_an_approval":["Succeeded"]},"else":{"actions":{"Update_a_row_2":{"runAfter":{},"type":"OpenApiConnection","inputs":{"host":{"connectionName":"shared_commondataserviceforapps","operationId":"UpdateRecord","apiId":"/providers/Microsoft.PowerApps/apis/shared_commondataserviceforapps"},"parameters":{"entityName":"new_deviceorders","recordId":"@triggerOutputs()?['body/new_deviceorderid']","item/new_approvalstatus":100000001,"item/new_comments":"@triggerOutputs()?['body/new_comments']"},"authentication":"@parameters('$authentication')"}},"Send_an_email_(V2)_2":{"runAfter":{"Update_a_row_2":["Succeeded"]},"type":"OpenApiConnection","inputs":{"host":{"connectionName":"shared_office365","operationId":"SendEmailV2","apiId":"/providers/Microsoft.PowerApps/apis/shared_office365"},"parameters":{"emailMessage/To":"@triggerOutputs()?['body/new_requestedby']","emailMessage/Subject":"Your device was not approved","emailMessage/Body":"<p>Sorry, your request for @{triggerOutputs()?['body/new_devicename']} was NOT APPROVED<br>\n@{outputs('Start_and_wait_for_an_approval')?['body/responseSummary']}</p>"},"authentication":"@parameters('$authentication')"}},"Post_a_message_as_the_Flow_bot_to_a_user_2":{"runAfter":{"Send_an_email_(V2)_2":["Succeeded"]},"type":"OpenApiConnection","inputs":{"host":{"connectionName":"shared_teams","operationId":"PostUserNotification","apiId":"/providers/Microsoft.PowerApps/apis/shared_teams"},"parameters":{"PostNotificationRequest/recipient/to":"@triggerOutputs()?['body/new_requestedby']","PostNotificationRequest/messageBody":"Your device request for @{triggerOutputs()?['body/new_devicename']} was not approved","PostNotificationRequest/messageTitle":"Your device order was not approved"},"authentication":"@parameters('$authentication')"}}}},"expression":{"equals":["@outputs('Start_and_wait_for_an_approval')?['body/outcome']","Approve"]},"type":"If"}},"outputs":{}}},"schemaVersion":"1.0.0.0"}