{"properties":{"connectionReferences":{"shared_commondataserviceforapps":{"runtimeSource":"embedded","connection":{"connectionReferenceLogicalName":"new_sharedcommondataserviceforapps_f7e06"},"api":{"name":"shared_commondataserviceforapps"}}},"definition":{"$schema":"https://schema.management.azure.com/providers/Microsoft.Logic/schemas/2016-06-01/workflowdefinition.json#","contentVersion":"1.0.0.0","parameters":{"$connections":{"defaultValue":{},"type":"Object"},"$authentication":{"defaultValue":{},"type":"SecureObject"}},"triggers":{"manual":{"type":"Request","kind":"VirtualAgent","inputs":{"schema":{"type":"object","properties":{"text":{"title":"Customer email","type":"string","x-ms-dynamically-added":true,"description":"Customer email","x-ms-content-hint":"TEXT"}},"required":["text"]}}}},"actions":{"List_rows":{"runAfter":{},"type":"OpenApiConnection","inputs":{"host":{"connectionName":"shared_commondataserviceforapps","operationId":"ListRecords","apiId":"/providers/Microsoft.PowerApps/apis/shared_commondataserviceforapps"},"parameters":{"entityName":"crf5e_deviceorders","$filter":"crf5e_requestedby eq '@{triggerBody()['text']}'","$top":1},"authentication":"@parameters('$authentication')"}},"Compose":{"runAfter":{"List_rows":["Succeeded"]},"type":"Compose","inputs":"@first(outputs('List_rows')?['body/value'])"},"Return_value(s)_to_Power_Virtual_Agents":{"runAfter":{"Compose":["Succeeded"]},"type":"Response","kind":"VirtualAgent","inputs":{"statusCode":200,"body":{"devicename":"@{outputs('Compose')?['crf5e_devicename']}","customeremail":"@{outputs('Compose')?['crf5e_requestedby']}","ordernumber":"@{outputs('Compose')?['crf5e_deviceorderid']}","orderdate":"@{outputs('Compose')?['crf5e_requestdate']}","price":"@{outputs('Compose')?['crf5e_price']}","iswarrantyactive":"@{outputs('Compose')?['crf5e_iswarrantyactive']}","customerphone":"@{outputs('Compose')?['crf5e_customerphone']}"},"schema":{"type":"object","properties":{"devicename":{"title":"DeviceName","x-ms-dynamically-added":true,"type":"string"},"customeremail":{"title":"CustomerEmail","x-ms-dynamically-added":true,"type":"string"},"ordernumber":{"title":"OrderNumber","x-ms-dynamically-added":true,"type":"string"},"orderdate":{"title":"OrderDate","x-ms-dynamically-added":true,"type":"string"},"price":{"title":"Price","x-ms-dynamically-added":true,"type":"string"},"iswarrantyactive":{"title":"IsWarrantyActive","x-ms-dynamically-added":true,"type":"string"},"customerphone":{"title":"CustomerPhone","x-ms-dynamically-added":true,"type":"string"}}}}}},"outputs":{}}},"schemaVersion":"1.0.0.0"}