{"properties":{"connectionReferences":{"shared_commondataserviceforapps":{"runtimeSource":"embedded","connection":{"connectionReferenceLogicalName":"new_sharedcommondataserviceforapps_f7e06"},"api":{"name":"shared_commondataserviceforapps"}}},"definition":{"$schema":"https://schema.management.azure.com/providers/Microsoft.Logic/schemas/2016-06-01/workflowdefinition.json#","contentVersion":"1.0.0.0","parameters":{"$connections":{"defaultValue":{},"type":"Object"},"$authentication":{"defaultValue":{},"type":"SecureObject"}},"triggers":{"manual":{"type":"Request","kind":"VirtualAgent","inputs":{"schema":{"type":"object","properties":{"text":{"title":"OrderNumber","type":"string","x-ms-dynamically-added":true,"description":"Order number","x-ms-content-hint":"TEXT"},"text_1":{"title":"Customer email","type":"string","x-ms-dynamically-added":true,"description":"Customer email","x-ms-content-hint":"TEXT"}},"required":["text","text_1"]}}}},"actions":{"Initialize_variable":{"runAfter":{},"type":"InitializeVariable","inputs":{"variables":[{"name":"Return Code","type":"string","value":"@{concat('RMA-',String(guid()))}"}]}},"Update_a_row":{"runAfter":{"Initialize_variable":["Succeeded"]},"type":"OpenApiConnection","inputs":{"host":{"connectionName":"shared_commondataserviceforapps","operationId":"UpdateRecord","apiId":"/providers/Microsoft.PowerApps/apis/shared_commondataserviceforapps"},"parameters":{"entityName":"crf5e_deviceorders","recordId":"@triggerBody()['text']","item/crf5e_rma":"@variables('Return Code')"},"authentication":"@parameters('$authentication')"}},"Return_value(s)_to_Power_Virtual_Agents":{"runAfter":{"Update_a_row":["Succeeded"]},"type":"Response","kind":"VirtualAgent","inputs":{"statusCode":200,"body":{"return_code":"@variables('Return Code')"},"schema":{"type":"object","properties":{"return_code":{"title":"Return Code","x-ms-dynamically-added":true,"type":"string"}}}}}},"outputs":{}}},"schemaVersion":"1.0.0.0"}